sample,texture,pHw,pHb,P,K,Mg,Ca,S1,B1,Zn1,Mn1,Fe1,Cu1,CEC,K2,Mg2,Ca2,H,OM,no3.ppm,nh4.ppm,
BE 1,clay loam,8,7.8,77,1499,1828,5608,22,4.36,5.03,416,72,6.26,25.15,7.63,30.27,55.72,6.35,1.51,7.31,1.08,
BE 2,clay loam,8.1,7.8,26,1204,1853,6092,17,4.6,3.96,410,72,6.62,26.09,5.91,29.58,58.36,6.13,1.41,7.01,1.03,
BE 3,clay loam,7.9,7.75,24,958,1775,5683,17,4.01,4.78,385,70,5.83,24.83,4.94,29.78,57.21,8.05,1.75,8.13,1.96,
BE 4,clay loam,7.8,7.7,76,1443,1796,5637,19,4.07,4.41,392,72,5.53,25.82,7.16,28.97,54.56,9.29,1.48,7.88,1,
JB 1,sandy loam,8.3,7.9,131,937,1459,8278,68,4.12,6.49,61,53,2.15,28.77,4.17,21.12,71.91,2.78,0.56,15.29,1.08,
JB 2,sandy loam,8.2,7.85,55,965,1767,8110,112,5.79,2.93,105,48,2.3,30.07,4.11,24.48,67.41,3.99,0.76,15.49,1.19,
JB 3,sandy loam,8.3,7.9,67,934,1480,8563,176,4.62,3.88,83,45,1.9,29.57,4.04,20.85,72.39,2.7,0.75,17.5,1.48,
JB 4,sandy loam,8.5,7.9,54,747,1505,9262,50,3.76,3.11,69,39,1.58,31.18,3.07,20.1,74.25,2.56,0.73,13.41,1.28,
JB 5,sandy loam,8.3,7.9,34,436,292,9416,11,1.38,1.04,77,36,1.5,26.11,2.14,4.65,90.13,3.06,0.31,2.07,1.21,
JB 6,sandy loam,8.4,7.9,46,544,318,9060,12,1.54,1.8,89,50,1.86,25.47,2.73,5.2,88.91,3.14,0.45,6.25,2.2,
JB 7,sandy loam,8.2,7.9,30,488,344,9062,10,1.59,2.06,97,53,2.14,25.51,2.45,5.61,88.79,3.13,0.4,2.3,2.28,
JB 8,sandy loam,8.4,7.9,26,555,336,8452,13,1.56,1,122,46,2.12,24.04,2.95,5.82,87.88,3.32,0.52,2.63,2.04,
JB 9,sandy loam,8.2,7.9,154,764,1751,5238,77,4.21,4.65,111,58,1.87,22.17,4.41,32.9,59.06,3.6,0.72,18.31,2.17,
JB 10,sandy loam,8.3,7.85,178,948,1661,5904,65,4.68,4.84,93,58,1.76,24.09,5.04,28.72,61.25,4.98,0.8,22.88,1.87,
JB 11,sandy loam,8.4,7.9,72,538,1477,3595,46,3.58,2.66,89,58,1.7,16.63,4.14,37,54.03,4.81,0.54,3.75,1.57,
JB 12,sandy loam,8.4,7.9,107,715,1822,2650,73,4.19,4.29,120,77,1.99,15.93,5.75,47.64,41.57,5.02,0.65,9.73,1.77,
MH 1,sandy loam,7.5,7.85,122,937,389,3381,7,1.21,1.62,190,102,2.37,12.47,9.62,12.99,67.75,9.61,0.69,0.31,1.87,
MH 2,sandy loam,7.6,7.8,144,1482,457,3650,9,1.72,2.31,191,95,2.37,14.52,13.07,13.1,62.8,11.01,1.01,1.49,2.22,
MH 3,sandy loam,7.8,7.85,126,936,341,3682,8,1.41,1.9,169,77,2.41,13.02,9.21,10.9,70.66,9.21,0.95,0.41,1.6,
MH 4,sandy loam,7.7,7.8,128,1056,389,3929,9,1.58,2.02,207,86,2.7,14.39,9.4,11.25,68.22,11.11,0.81,0.6,1.36,
JB 1,sandy loam,7.7,7.85,134,565,1034,2548,46,2.56,7.93,97,76,2.02,12.6,5.74,34.18,50.54,9.52,0.53,2.92,1.28,
JB 2,sandy loam,8.4,7.9,88,615,1366,8682,51,3.6,4.31,61,39,1.55,28.98,2.72,19.63,74.88,2.76,0.58,3.52,0.74,
JB 3,sandy loam,8.3,7.85,90,708,1334,3154,31,3.13,4.26,79,60,1.81,15.55,5.83,35.74,50.7,7.71,0.48,2.28,1.1,
JB 4,sandy loam,8.2,7.9,141,551,1218,3935,56,3.5,5.62,82,58,1.84,16.41,4.3,30.9,59.91,4.87,0.54,1.69,0.49,
JB 5,sandy loam,6.3,7.8,13,449,327,2455,13,0.83,0.49,106,60,1.72,9.67,5.94,14.08,63.43,16.53,0.22,0.48,1.29,
JB 6,sandy loam,8.3,7.9,36,535,311,9764,14,1.39,1.15,80,31,1.88,27.19,2.52,4.76,89.76,2.94,0.27,0.88,0.38,
JB 7,sandy loam,8.4,7.85,42,479,302,10350,12,1.47,1.13,79,32,1.75,28.94,2.12,4.34,89.38,4.14,0.31,1.12,0.61,
JB 8,sandy loam,8.4,7.9,42,548,345,10420,15,1.49,1.21,81,37,1.81,28.99,2.42,4.95,89.85,2.75,0.35,1.33,0.94,
JB 9,sandy loam,8.1,7.9,109,634,1599,2442,14,2.98,7.86,106,62,1.75,14.38,5.65,46.33,42.45,5.56,0.59,1.53,0.81,
JB 10,sandy loam,8.4,7.85,168,686,1618,2525,31,3.38,5.07,103,65,1.91,15.13,5.81,44.54,41.71,7.92,0.37,3.4,2.16,
JB 11,sandy loam,8.1,7.85,95,691,1613,2271,14,2.8,6.68,104,67,1.68,14.48,6.11,46.4,39.19,8.28,0.49,1.5,1.48,
JB 12,sandy loam,7.9,7.9,149,919,1325,2194,21,2.81,4.61,100,67,1.67,12.98,9.07,42.52,42.24,6.16,0.56,1.62,1.92,
MH 1,sandy loam,7.5,7.8,187,1235,464,3853,16,1.44,2.53,195,100,2.58,14.74,10.73,13.1,65.3,10.84,0.77,4.31,1.29,
MH 2,sandy loam,7.3,7.75,172,1315,464,3850,16,1.63,2.38,215,98,2.76,15.24,11.05,12.68,63.13,13.11,0.73,1.6,0.66,
MH 3,sandy loam,7.3,7.75,163,1338,500,4230,19,1.85,2.46,246,102,3.02,16.37,10.47,12.72,64.58,12.21,0.65,0.58,0.77,
MH 4,sandy loam,7.2,7.85,138,1081,414,3401,15,1.34,1.95,195,89,2.47,12.81,10.81,13.46,66.35,9.36,0.46,0.66,0.57,
BE 1,clay loam,7.8,7.8,73,1272,1763,5363,22,4.14,5.29,425,75,6.68,23.98,6.79,30.62,55.9,6.67,1.63,3.52,1.03,
BE 2,clay loam,7.7,7.75,66,1689,1676,5417,22,4.19,4.91,430,70,6.69,24.69,8.76,28.28,54.84,8.1,1.63,2.65,1.37,
BE 3,clay loam,7.7,7.75,73,1247,1574,5003,17,3.6,3.73,397,67,5.5,22.66,7.05,28.93,55.18,8.82,1.51,0.06,0.92,
BE 4,clay loam,7.7,7.8,95,1074,1662,5055,24,3.76,6.68,399,69,5.44,22.53,6.1,30.72,56.06,7.09,1.51,7.9,1.56,
JB 1,sandy loam,8.2,7.9,197,905,1424,3629,35,3.77,8.63,81,53,1.83,16.96,6.83,34.97,53.47,4.71,0.49,4.8954,1.7844,
JB 2,sandy loam,7.9,7.85,118,764,1312,3345,27,3.47,9.22,75,58,2.01,16,6.11,34.14,52.23,7.49,0.5,4.3483,1.6173,
JB 3,sandy loam,8.2,7.9,146,776,1684,4225,38,4.48,13.07,105,54,2.22,19.37,5.13,36.21,54.51,4.12,0.59,4.4357,1.7847,
JB 4,sandy loam,8.1,7.85,80,587,1560,2951,26,3.86,5.92,77,48,1.5,15.83,4.75,41.06,46.6,7.58,0.75,6.4439,1.8009,
JB 5,sandy loam,8.2,7.9,22,449,347,14464,25,1.6,0.36,56,21,1.43,38.98,1.47,3.7,92.76,2.05,0.34,1.9588,1.4318,
JB 6,sandy loam,8.1,7.9,38,490,336,11915,17,1.51,0.69,76,28,1.36,32.61,1.92,4.29,91.32,2.45,0.16,1.7042,1.4455,
JB 7,sandy loam,8.3,7.9,26,556,320,9731,20,1.2,0.69,77,32,1.19,27.17,2.62,4.9,89.52,2.94,0.27,1.7525,1.3833,
JB 8,sandy loam,8.2,7.9,23,441,355,9757,17,1.36,0.71,82,36,1.26,27.23,2.07,5.43,89.55,2.93,0.2,1.4177,0.9807,
JB 9,sandy loam,7.9,7.85,172,957,1556,3003,20,3.31,5.66,125,55,1.93,16.41,7.47,39.48,45.72,7.3,0.62,3.0793,1.5383,
JB 10,sandy loam,8,7.85,84,711,1336,2164,19,3.67,3.9,108,53,1.76,13.08,6.96,42.53,41.33,9.16,0.55,4.6439,1.4774,
JB 11,sandy loam,8,7.9,122,871,1531,2684,23,3.86,5.33,124,53,1.45,15,7.44,42.51,44.71,5.33,0.27,5.4498,1.4637,
JB 12,sandy loam,8.1,7.85,107,805,1274,2459,16,3.16,3.32,114,58,1.43,13.68,7.53,38.78,44.91,8.76,0.49,4.2482,1.5132,
MH 1,sandy loam,7.2,7.8,116,887,423,3915,17,1.39,1.32,206,90,2.32,14.28,7.95,12.33,68.5,11.19,0.47,1.4621,1.5287,
MH 2,sandy loam,7.5,7.8,158,1157,480,4080,16,1.64,1.83,192,87,2.36,15.28,9.7,13.08,66.73,10.46,0.63,2.6996,1.5161,
MH 3,sandy loam,7.3,7.8,136,992,425,3841,17,1.33,1.45,198,88,2.33,14.24,8.92,12.43,67.4,11.23,0.59,1.4663,2.0215,
MH 4,sandy loam,7.2,7.8,154,1078,432,3653,16,1.17,1.66,182,79,2.06,13.91,9.93,12.93,65.63,11.49,0.55,1.4246,1.8591,
BE 1,clay loam,7.8,7.75,74,1227,1625,5504,22,3.82,4.87,406,57,5.33,24.1,6.52,28.09,57.08,8.29,1.05,3.1332,2.0873,
BE 2,clay loam,7.7,7.75,35,1285,1760,5687,24,4.65,3.94,406,54,5.6,25.19,6.53,29.1,56.42,7.93,1.24,4.4131,2.131,
BE 3,clay loam,7.5,7.8,94,1200,1857,5700,26,3.9,6.42,421,54,5.15,25.12,6.12,30.79,56.71,6.36,1.47,4.2053,2.1965,
BE 4,clay loam,7.8,7.75,28,1019,1726,5521,21,3.84,5.23,407,56,5.25,24.3,5.37,29.59,56.79,8.23,1.25,5.0852,2.8819,
RN 1,sandy clay loam,8.5,7.85,28,1143,1788,4489,26,6.39,2.4,339,80,4.4,21.33,6.86,34.91,52.59,5.62,1.16,6.67,1.24,
RN 2,sandy clay loam,8.3,7.85,25,681,1858,5252,29,6.03,3.48,338,85,4.79,22.94,3.8,33.74,57.22,5.22,1.24,9.11,1.46,
RN 3,sandy clay loam,8.3,7.85,39,943,1769,4335,21,6.73,2.74,350,84,4.59,20.61,5.86,35.75,52.56,5.82,1.12,6.3,1.57,
RN 4,sandy clay loam,8.5,7.85,88,1289,1885,4766,44,6.56,8.16,355,86,4.03,22.62,7.3,34.71,52.67,5.3,1.42,8.31,1.73,
RN 5,sandy clay loam,7.3,7.85,150,1042,1600,4022,33,4.91,6.25,313,153,4.37,19.25,6.93,34.61,52.21,6.23,1.28,12.02,1.65,
RN 6,sandy clay loam,7.3,7.85,69,1240,1602,3494,23,4.28,5.97,311,175,4.53,18.19,8.73,36.67,47.99,6.59,1.25,7.5,1.28,
RN 1,sandy clay loam,8.2,7.85,91,1247,1629,4394,27,6.48,7.45,308,76,3.89,20.57,7.77,32.99,53.39,5.83,1.34,11.96,1.52,
RN 2,sandy clay loam,8.2,7.85,55,1113,1748,4426,25,7.04,5.08,316,81,4.39,20.97,6.8,34.72,52.75,5.72,1.37,11.03,1.3,
RN 3,sandy clay loam,8.3,7.85,56,1312,1564,3925,20,5.65,4.33,315,72,3.75,19.21,8.75,33.92,51.07,6.24,1.07,4.75,1.6,
RN 4,sandy clay loam,8.6,7.85,59,1158,1649,4423,34,6.92,4.32,341,73,3.95,20.61,7.2,33.33,53.64,5.82,1.11,8.96,1.15,
RN 5,sandy clay loam,8.1,7.85,114,1004,1443,3652,22,4.83,5.85,304,96,3.94,17.62,7.3,34.1,51.78,6.8,1.3,8.35,0.85,
RN 6,sandy clay loam,8.1,7.85,109,1127,1673,3702,22,4.86,6.34,302,117,4.65,18.87,7.65,36.93,49.04,6.35,1.38,7.56,1.53,
RN 1,sandy clay loam,8.4,7.8,149,1292,1716,4779,30,6.57,8.91,304,79,4.45,22.35,7.4,31.98,53.44,7.15,1.43,8.48,1.47,
RN 2,sandy clay loam,8.4,7.8,63,1469,1920,4693,31,6.66,6.48,340,86,5.1,23.21,8.11,34.45,50.53,6.89,1.54,9.92,1.43,
RN 3,sandy clay loam,8.5,7.85,70,1101,1724,4136,30,7.49,5.89,328,75,4.44,20.13,7.01,35.67,51.35,5.95,1.22,9.69,1.11,
RN 4,sandy clay loam,8.6,7.85,93,1257,1882,5064,39,7,7.83,355,78,4.63,23.31,6.91,33.63,54.3,5.14,1.39,6.7,1.21,
RN 5,sandy clay loam,8.3,7.85,159,1301,1687,4276,29,5.19,8.84,315,155,5.1,20.58,8.1,34.14,51.92,5.82,1.33,6.79,1.51,
RN 6,sandy clay loam,8.1,7.8,57,1350,1653,3986,26,3.75,5.71,270,160,4.7,20.18,8.57,34.12,49.37,7.92,1.36,4.43,1.47,
RN 1,sandy clay loam,8.3,7.85,79,1135,1575,4277,23,5.57,8.31,301,73,4.09,19.91,7.3,32.96,53.7,6.02,1.36,3.51,2.44,
RN 2,sandy clay loam,8.2,7.8,45,1104,1810,4310,28,6.19,6.05,319,85,4.7,21.33,6.63,35.35,50.51,7.5,1.49,3.9,2.01,
RN 3,sandy clay loam,8.3,7.85,59,1080,1672,3842,17,6.17,4.89,332,70,4.15,19.15,7.22,36.36,50.14,6.26,1.12,3.39,2.92,
RN 4,sandy clay loam,8.4,7.85,95,1364,1830,5175,27,7.24,7.87,367,79,4.5,23.51,7.43,32.43,55.02,5.1,1.2,2.3,1.94,
RN 5,sandy clay loam,8.1,7.85,114,993,1636,3950,20,5.37,7.22,336,114,4.74,19.16,6.64,35.56,51.52,6.26,1.28,3.68,2.41,
RN 6,sandy clay loam,7.7,7.8,58,1075,1694,3198,15,3.62,3.46,338,118,5.01,18.03,7.64,39.14,44.33,8.87,1.04,1.84,2.5,
TG 1,sandy loam,8.6,7.85,50,883,1761,5901,69,6.92,4.6,144,83,3.57,24.42,4.63,30.04,60.4,4.91,0.96,15.65,2.16,
TG 2,sandy loam,8.3,7.85,51,736,1328,2625,22,4.8,3.58,109,79,2.64,14.23,6.62,38.85,46.08,8.42,0.78,2.5,3,
TG 3,sandy loam,8.2,7.85,139,931,1260,2783,17,4.1,6.93,138,78,2.42,14.6,8.17,35.95,47.65,8.21,0.79,2,2.14,
TG 4,sandy loam,8.2,7.85,49,862,1331,2580,18,4.63,3.85,155,76,2.86,14.3,7.72,38.77,45.1,8.39,0.66,2.13,2.29,
RN 1,sandy clay loam,8.2,7.8,109,1371,1835,5138,29,6.18,9.73,332,82,4.47,23.84,7.37,32.05,53.86,6.7,1.49,5.24,1.46,
RN 2,sandy clay loam,8.1,7.8,72,1353,2024,4929,23,6.38,8.06,376,83,5.15,24.09,7.2,35,51.15,6.64,1.37,5.1,1.53,
RN 3,sandy clay loam,8.1,7.75,109,1377,1972,5108,27,7.03,12.38,339,79,4.21,24.75,7.13,33.19,51.59,8.08,1.8,7.91,1.64,
RN 4,sandy clay loam,8.3,7.8,112,1405,2030,5855,30,7.22,11.67,373,83,4.6,26.49,6.79,31.92,55.24,6.03,1.47,5.1,1.49,
RN 5,sandy clay loam,7.9,7.8,177,1079,1686,4512,29,5.35,10.49,344,133,4.89,21.28,6.49,32.99,52.98,7.51,1.42,7.68,1.88,
RN 6,sandy clay loam,7.8,7.7,113,1234,1815,3967,25,4.37,8.83,300,126,4.87,21.46,7.37,35.23,46.2,11.18,1.56,5.87,1.75,
TG 1,sandy loam,6.7,7.8,58,1079,1877,5175,20,6.72,4.57,162,82,3.61,23.74,5.82,32.94,54.49,6.73,1.35,3.05,1.48,
TG 2,sandy loam,7.4,7.8,54,898,1587,3145,21,5.81,3.99,134,73,2.8,17.22,6.68,38.38,45.64,9.28,0.58,4,1.41,
TG 3,sandy loam,7.7,7.8,124,956,1349,2889,18,4.17,6.35,153,68,2.35,15.66,7.82,35.87,46.09,10.21,1.1,4.33,1.26,
TG 4,sandy loam,7.9,7.85,70,956,1449,2898,15,4.34,4.93,174,67,2.76,15.7,7.8,38.43,46.12,7.63,1.27,3.57,1.43,
RN 1,sandy clay loam,8,7.85,96,1151,1612,3963,20,5.86,5.7,300,79,4.3,19.29,7.64,34.8,51.33,6.21,1.18,2.9331,2.0795,
RN 2,sandy clay loam,8.1,7.8,49,1115,1884,4258,17,5.73,4.27,338,85,4.62,21.52,6.64,36.47,49.45,7.43,1.38,3.74,2.2442,
RN 3,sandy clay loam,8.1,7.8,45,979,1756,4259,21,6.45,4.26,331,70,4.31,20.81,6.02,35.14,51.14,7.68,1.06,3.5417,1.5804,
RN 4,sandy clay loam,8.3,7.8,67,1170,1815,4800,29,6.76,6.47,348,79,4.32,22.66,6.61,33.37,52.95,7.06,0.92,3.8489,1.822,
RN 5,sandy clay loam,7.9,7.8,80,956,1542,3574,21,4.58,5.22,330,86,4.27,18.18,6.73,35.33,49.13,8.79,1.13,4.6633,1.8029,
RN 6,sandy clay loam,7.9,7.8,71,957,1495,3616,17,4.04,3.98,313,95,4.32,18.09,6.78,34.42,49.95,8.84,1.1,7.4027,6.0837,
TG 1,sandy loam,8.2,7.85,33,892,1704,5823,20,5.8,3.31,143,74,3.29,24,4.76,29.58,60.65,4.99,0.74,4.3368,1.8059,
TG 2,sandy loam,8,7.8,32,768,1467,3194,17,5.4,2.5,125,71,2.82,16.68,5.9,36.64,47.86,9.59,0.51,2.7541,1.4765,
TG 3,sandy loam,7.8,7.85,60,797,1305,2628,14,4.48,4.01,146,75,2.63,14.22,7.18,38.21,46.17,8.43,0.48,3.7725,1.9417,
TG 4,sandy loam,7.8,7.8,73,857,1301,2707,17,4.11,5.11,147,70,2.59,14.88,7.38,36.41,45.45,10.74,0.66,2.6795,2.0418,
RN 1,sandy clay loam,8.4,7.8,141,1324,1730,4886,39,7.18,8.25,308,73,4.56,22.72,7.47,31.72,53.76,7.04,1.6,11.68,2.16,
RN 2,sandy clay loam,8.2,7.8,78,1029,1635,4223,26,5.74,6.4,289,60,3.62,20.28,6.5,33.57,52.03,7.88,1.42,7.78,1.79,
RN 3,sandy clay loam,8.2,7.75,66,1030,1924,4709,35,6.11,6.29,315,69,4.35,23.1,5.71,34.68,50.94,8.65,1.61,12.26,1.82,
RN 4,sandy clay loam,8.1,7.85,68,1149,1551,3861,34,4.86,6.14,268,59,3.32,18.78,7.84,34.39,51.37,6.38,1.49,13.86,1.88,
RN 5,sandy clay loam,8,7.8,49,869,1397,3367,28,4.51,4.17,270,58,3.83,16.95,6.57,34.33,49.65,9.43,1.17,7.82,1.69,
RN 6,sandy clay loam,8,7.8,34,868,1518,3694,21,5.04,2.34,306,58,3.87,18.27,6.09,34.61,50.53,8.75,1.07,5.46,1.62,
TG 1,sandy loam,8.1,7.8,53,871,1661,3556,21,5.72,3.86,142,72,2.95,18.52,6.02,37.35,47.98,8.63,1.18,5,1.75,
TG 2,sandy loam,8.1,7.8,56,977,1616,3092,24,5.78,4.06,138,74,2.68,17.31,7.23,38.88,44.64,9.24,1.14,6.08,1.85,
TG 3,sandy loam,8.1,7.8,57,776,1350,2748,15,4.78,3.62,152,65,2.42,15.08,6.59,37.27,45.52,10.6,0.98,5.5,1.77,
TG 4,sandy loam,7.5,7.85,60,747,1182,2985,14,3.51,3.78,190,107,2.42,14.54,6.58,33.85,51.3,8.25,1.19,4,2,
TG 25,clay loam,8,7.7,94,869,1885,4368,43,5.59,3.59,346,72,4.39,22.28,4.99,35.23,48.99,10.76,0.95,16.34,1.31,
TG 26,clay loam,8.2,7.8,182,929,1701,3891,45,5.83,4.95,339,75,4.13,19.6,6.07,36.14,49.61,8.16,0.92,13.06,1.43,
TG 27,clay loam,8.2,7.8,105,1008,1755,3972,39,4.65,4.94,329,75,4.34,20.13,6.41,36.31,49.31,7.94,0.85,7.51,1.37,
TG 28,clay loam,8.1,7.75,174,968,1913,4470,37,4.89,5.98,332,74,4.59,22.38,5.54,35.6,49.91,8.93,1.04,5.18,1.32,
TG 29,sandy clay loam,8,7.75,74,1330,1719,4278,44,6.38,5.22,345,76,4.45,21.56,7.9,33.21,49.59,9.27,1.18,54.25,1.4,
TG 30,sandy clay loam,8.2,7.8,133,1395,1798,4410,51,6.39,6.39,364,84,4.69,21.9,8.16,34.2,50.33,7.3,1.01,53.04,1.24,
TG 31,sandy clay loam,8,7.75,221,1544,2084,4607,52,6.16,9.12,424,82,5.19,24.18,8.18,35.91,47.63,8.27,1.21,63.78,1.08,
TG 32,sandy clay loam,8.2,7.85,128,1253,1658,4134,42,5.89,6.14,366,78,4.36,20.04,8.01,34.45,51.54,5.98,1,48.07,1.6,
TG 33,clay loam,8.3,7.75,95,1575,2113,5103,41,7.74,7.38,343,80,4.89,25.58,7.89,34.41,49.87,7.81,1.2,24.56,1.67,
TG 34,clay loam,8,7.8,117,1711,2432,6013,59,8.86,7.87,374,82,5.09,28.95,7.57,34.99,51.9,5.52,1.07,174,1.49,
TG 35,clay loam,8.4,7.75,92,1964,2391,5174,50,9.46,6.13,379,97,5.19,27.41,9.18,36.33,47.18,7.29,1.42,14.01,1.41,
TG 36,clay loam,8.2,7.8,48,1557,2235,4923,35,6.48,4.2,378,78,4.87,25.21,7.91,36.93,48.8,6.34,1.36,15.33,1.51,
RN 49,loam,7.8,7.8,105,2327,1535,4353,166,5.61,6.84,346,68,4.47,21.86,13.64,29.25,49.77,7.31,1.08,127.08,2.52,
RN 50,loam,8.1,7.8,49,1547,1621,4090,51,4.52,10.96,406,75,4.68,20.56,9.64,32.84,49.72,7.78,1.04,20.98,1.56,
RN 51,loam,7.7,7.8,58,1593,1530,4175,41,4.76,9.9,394,72,4.37,20.45,9.98,31.16,51.02,7.82,1.07,14.88,1.55,
RN 52,loam,7.5,7.85,39,1705,1549,4202,68,4.67,9.33,390,72,4.61,20.34,10.74,31.72,51.63,5.89,1.05,39.05,1.32,
RN 53,sandy clay loam,7.8,7.75,167,1113,1717,4472,86,6.17,3.15,341,92,5.02,21.76,6.55,32.87,51.37,9.19,0.8,19.69,1.72,
RN 54,sandy clay loam,7.8,7.75,119,1030,1892,4807,69,6.25,3.03,330,97,5.36,23.22,5.68,33.94,51.75,8.61,0.95,15.1,2.06,
RN 55,sandy clay loam,7.7,7.75,176,1128,1633,4062,71,5.05,3.37,319,94,4.54,20.4,7.08,33.34,49.76,9.8,0.8,7.77,4.77,
RN 56,sandy clay loam,7.9,7.8,128,1107,1690,4525,53,5.28,2.78,328,90,4.74,21.37,6.64,32.94,52.92,7.48,0.94,8.16,2.56,
RN 57,clay loam,8,7.75,189,1482,2203,5383,45,6.07,16.28,316,77,4.44,26.53,7.15,34.59,50.71,7.53,1.96,18.28,2.97,
RN 58,clay loam,7.8,7.75,47,1473,2082,4669,32,4.55,6.28,345,83,4.9,24.23,7.79,35.79,48.16,8.25,1.34,13.45,3.84,
RN 59,clay loam,8.2,7.8,165,1515,2158,5731,34,5.82,13.33,319,76,4.71,26.86,7.23,33.47,53.33,5.95,1.81,14.91,4.39,
RN 60,clay loam,8.2,7.8,102,1504,2025,4837,36,5.71,9.87,304,89,4.38,24.05,8.01,35.07,50.26,6.65,1.56,10.64,1.41,
JB 1,loamy sand,8,7.85,162,776,1302,2101,63,3.16,5.85,111,78,1.78,12.87,7.72,42.14,40.8,9.32,0.69,0.49,1.07,
JB 2,loamy sand,8.5,7.95,94,741,1411,1990,38,3.61,5.74,101,72,1.64,12.2,7.78,48.17,40.76,3.27,0.73,1.37,1.06,
JB 3,loamy sand,8.2,7.9,109,828,1347,1902,57,3.34,3.38,124,78,2.07,12.22,8.68,45.89,38.88,6.54,0.47,1.31,0.95,
JB 4,loamy sand,8.4,7.9,114,822,1534,2070,43,4.03,6.27,122,76,1.92,13.42,7.85,47.62,38.56,5.96,0.65,1.53,0.99,
JB 5,loamy sand,7,7.8,88,500,392,2182,14,1.03,1.01,114,89,1.78,9.32,6.87,17.5,58.47,17.15,0.4,1.33,0.95,
JB 6,loamy sand,6.3,7.8,25,430,385,1974,18,0.77,0.73,108,87,1.8,8.69,6.34,18.45,56.78,18.41,0.38,1.05,1.14,
JB 7,loamy sand,7.1,7.85,51,520,389,2167,19,1,0.94,112,91,1.73,8.9,7.48,18.2,60.83,13.47,0.29,1.55,1.17,
JB 8,loamy sand,7.4,7.85,30,526,429,2329,16,0.97,0.75,118,77,1.92,9.48,7.11,18.84,61.39,12.65,0.2,1.09,0.8,
JB 9,loamy sand,8,7.85,89,802,1676,2021,94,4.27,2.67,122,70,2.25,14.26,7.2,48.95,35.42,8.41,0.58,14.02,0.93,
JB 10,loamy sand,8.1,7.9,111,921,1603,2192,43,4.38,2.62,119,66,2.17,14.13,8.35,47.23,38.75,5.65,0.65,16.36,1.19,
JB 11,loamy sand,8,7.85,102,739,1516,1825,74,3.43,2.83,121,69,2.12,13.02,7.27,48.49,35.02,9.21,0.5,12.72,0.86,
JB 12,loamy sand,7.9,7.85,109,819,1375,1850,72,3.37,2.72,127,70,2.01,12.6,8.33,45.45,36.69,9.52,0.61,8.29,1,
MH 61,sandy loam,7.5,7.8,156,1084,693,3232,13,1.31,2.14,211,96,2.95,13.95,9.95,20.68,57.89,11.46,0.57,4.5,1.07,
MH 62,sandy loam,7.5,7.8,158,1123,698,3178,17,1.37,2.23,207,90,2.92,13.89,10.36,20.93,57.18,11.51,0.6,6.25,0.91,
MH 63,sandy loam,7.5,7.8,151,1074,764,3339,19,1.43,4.92,202,93,2.97,14.5,9.49,21.94,57.53,11.02,0.57,1.05,1.44,
MH 64,sandy loam,7.7,7.8,121,932,665,2760,22,1.29,1.72,181,90,2.63,12.46,9.58,22.22,55.35,12.83,0.53,3.91,0.86,
MH 65,sandy loam,7.3,7.85,72,836,404,2009,17,1.03,2.21,105,88,1.99,8.97,11.93,18.75,55.94,13.36,0.41,6.79,0.84,
MH 66,sandy loam,7.1,7.85,93,939,479,2061,21,1.17,2.6,112,93,2.13,9.55,12.6,20.89,53.94,12.56,0.44,14.01,0.78,
MH 67,sandy loam,7.5,7.8,113,981,535,2590,21,1.5,2.88,123,97,2.1,11.56,10.87,19.28,56,13.83,0.55,14.12,0.78,
MH 68,sandy loam,7.4,7.85,101,1013,521,2704,20,1.31,2.55,128,88,2.15,11.42,11.36,18.99,59.14,10.49,0.48,7.64,0.79,
MH 69,loamy sand,7.2,7.85,31,905,380,2275,15,0.76,1.8,158,96,2.26,9.63,12.04,16.43,59.05,12.45,0.43,1.81,0.76,
MH 70,loamy sand,7.5,7.85,35,931,400,2195,13,0.93,1.6,156,96,2.16,9.54,12.5,17.45,57.47,12.56,0.57,2.69,0.88,
MH 71,loamy sand,7.2,7.8,38,880,358,2025,16,0.85,1.5,144,99,2.06,9.28,12.15,16.06,54.53,17.23,0.45,6.26,0.79,
MH 72,loamy sand,7.8,7.9,95,764,333,1815,16,0.94,1.79,115,93,1.79,7.7,12.71,18,58.89,10.38,0.26,7.72,1.97,
CK 85,clay loam,7.7,7.75,292,1427,2059,5410,29,3.73,19.14,316,84,5.39,25.93,7.05,33.08,52.15,7.71,1.96,12.98,2.22,
CK 86,clay loam,7.7,7.8,75,1033,1909,5240,28,3.09,7.39,303,81,5.3,23.97,5.52,33.17,54.63,6.67,1.47,8.76,2.94,
CK 87,clay loam,7.8,7.7,240,1453,2003,5313,34,3.79,16.33,315,84,5.46,25.89,7.19,32.23,51.3,9.26,2.21,12.28,2.92,
CK 88,clay loam,7.6,7.65,102,1470,2303,5794,28,3.61,11.21,356,89,6,28.76,6.55,33.35,50.35,9.73,1.72,13.71,2.55,
CK 89,clay loam,7.8,7.65,231,1691,1744,5884,29,3.59,15.51,408,83,6.82,26.94,8.04,26.96,54.59,10.39,2.17,5.83,2.49,
CK 90,clay loam,8,7.8,636,2106,2021,8735,43,4.22,35.88,347,102,7.13,34.55,7.81,24.36,63.19,4.62,2.92,16.64,1.67,
CK 91,clay loam,7.8,7.75,281,1650,1769,5812,28,3.91,20.2,379,87,6.76,26.01,8.13,28.33,55.84,7.68,2.52,18.51,2.32,
CK 92,clay loam,7.2,7.7,125,1222,1486,4753,28,2.25,9.07,401,87,5.53,22.04,7.1,28.09,53.91,10.88,1.74,5.81,1.59,
CK 93,clay loam,6.6,7.65,169,1581,1674,4989,35,2.08,8.17,368,100,4.66,24.27,8.35,28.73,51.38,11.53,1.76,16.36,2.55,
CK 94,clay loam,7.2,7.75,62,1267,1593,4381,31,2.07,6.05,352,100,4.4,21.21,7.65,31.28,51.62,9.42,1.53,113.91,2.28,
CK 95,clay loam,7,7.65,40,1098,1627,4807,32,2.12,6.27,386,120,4.51,23,6.11,29.46,52.24,12.17,1.61,12.19,1.66,
CK 96,clay loam,7.1,7.7,40,1124,1405,4918,27,2.18,5.5,406,76,4.73,21.99,6.55,26.62,55.91,10.91,1.69,20.1,2.16,
KK 73,sandy loam,7.4,7.85,225,914,897,2398,19,1.97,24.35,121,93,1.92,12.1,9.68,30.87,49.52,9.91,1.01,40.12,1.95,
KK 74,sandy loam,7.4,7.85,150,937,1020,2629,22,2.24,24.66,141,80,2.27,13.22,9.08,32.13,49.7,9.07,1.13,4.41,1.47,
KK 75,sandy loam,7.2,7.8,197,927,1170,3163,27,2.68,31.11,133,91,2.95,15.57,7.63,31.3,50.78,10.27,1.65,4.21,1.42,
KK 76,sandy loam,7.3,7.8,139,825,949,2518,22,2.48,30.93,133,88,2.32,12.9,8.19,30.63,48.77,12.39,1.01,9.8,1.93,
KK 77,sandy loam,6.1,7.75,224,742,684,2100,33,1.18,25.72,151,125,2.54,11.05,8.6,25.78,47.5,18.09,0.84,8.13,1.39,
KK 78,sandy loam,7,7.8,173,1186,830,2306,29,1.93,26.02,146,89,2.53,12.34,12.31,28.01,46.7,12.96,1.12,25.72,1.46,
KK 79,sandy loam,7.1,7.8,163,1084,902,2585,31,2,21.67,151,79,3.03,13.21,10.51,28.44,48.91,12.11,1.13,28.39,1.18,
KK 80,sandy loam,6.9,7.8,233,1041,764,2251,39,1.7,26.16,135,88,2.52,11.74,11.36,27.1,47.91,13.62,1.16,23.82,1.63,
KK 81,sandy loam,8.1,7.85,169,1288,923,2898,20,2.2,18.3,226,86,2.81,13.94,11.84,27.58,51.96,8.6,0.83,34.27,1.65,
KK 82,sandy loam,8.1,7.9,185,1080,943,3091,21,2.29,22.09,229,86,3.12,13.84,10,28.38,55.82,5.77,0.86,2.36,3.36,
KK 83,sandy loam,7.8,7.85,240,1202,896,2954,27,2.25,24.9,226,87,2.78,13.85,11.11,26.93,53.28,8.65,0.97,3.11,1.53,
KK 84,sandy loam,8.1,7.85,270,1260,966,3449,25,2.57,21.03,214,85,2.8,15.46,10.44,26.03,55.76,7.76,1,8.13,2.13,
JA 109,sand,8.2,7.9,129,909,717,2440,19,3.48,13.82,96,100,2.14,11.05,10.54,27.02,55.18,7.23,0.45,7.03,1.64,
JA 110,sand,8.5,7.95,90,972,800,6488,21,3.46,18.8,95,74,2.77,21.19,5.87,15.72,76.51,1.88,0.48,6.26,0.79,
JA 111,sand,8.1,7.9,66,729,696,2421,16,2.55,8.41,90,87,2.33,10.68,8.74,27.13,56.63,7.48,0.37,4.05,1.47,
JA 112,sand,8,7.9,105,662,612,2097,17,2.21,16.22,79,84,3.5,9.44,8.98,27,55.52,8.47,0.42,2.74,1.2,
JA 113,loamy sand,7.3,7.85,34,666,752,2046,127,2.36,2.27,96,75,1.73,10.3,8.28,30.41,49.64,11.64,0.4,9.71,1.06,
JA 114,loamy sand,7.6,7.85,44,721,774,2558,24,2.22,1.49,112,72,1.91,11.74,7.87,27.45,54.45,10.21,0.59,3.34,1.24,
JA 115,loamy sand,7.5,7.8,49,479,746,2086,17,2.02,1.3,107,72,1.86,10.53,5.82,29.49,49.49,15.18,0.41,2.08,2.77,
JA 116,loamy sand,7.1,7.9,64,762,768,2318,199,2.35,6.11,98,83,2.35,10.77,9.06,29.7,53.79,7.42,0.49,38.51,1.1,
JA 117,loamy sand,8.2,7.9,52,504,284,3378,12,1.1,0.93,84,82,1.8,11.07,5.83,10.68,76.25,7.22,0.33,2.01,1.35,
JA 118,loamy sand,7.8,7.9,51,478,268,3050,11,1.04,0.7,76,77,1.55,10.15,6.03,10.99,75.08,7.87,0.35,14.85,5.73,
JA 119,loamy sand,7.8,7.85,38,469,265,2764,8,0.93,0.78,77,85,1.48,9.81,6.12,11.24,70.39,12.22,0.35,1.1,1.48,
JA 120,loamy sand,8,7.85,56,570,306,3455,10,1.14,0.84,78,79,1.68,11.84,6.17,10.76,72.93,10.13,0.44,3.65,1.24,
KS 121,sandy clay loam,8.2,7.8,47,708,1790,3050,38,4.31,1.48,288,89,4.82,17.59,5.15,42.39,43.34,9.09,0.9,6.49,1.07,
KS 122,sandy clay loam,7.7,7.8,60,909,2038,3676,86,4.82,1.65,331,86,5.12,20.44,5.69,41.53,44.94,7.82,0.95,74.3,1.33,
KS 123,sandy clay loam,7.5,7.8,51,1050,1622,3964,100,4.34,1.54,324,89,4.88,19.61,6.86,34.45,50.52,8.15,1.05,82.8,2.42,
KS 124,sandy clay loam,7.9,7.8,62,1098,1540,3605,26,4.52,1.65,330,87,4.99,18.43,7.63,34.8,48.88,8.67,0.94,6.03,2.86,
KS 125,sandy loam,7.6,7.8,55,852,1009,2850,19,2.47,1.23,217,85,3.41,14.02,7.79,29.98,50.81,11.41,0.76,7.35,1.23,
KS 126,sandy loam,7.4,7.8,46,746,1040,2834,19,2.46,1.31,213,82,3.2,13.97,6.84,31,50.69,11.44,0.71,9.63,1.24,
KS 127,sandy loam,7.6,7.8,37,715,1018,2754,16,2.1,0.99,239,89,3.39,13.64,6.71,31.08,50.46,11.72,0.67,9.11,1.63,
KS 128,sandy loam,7.6,7.8,33,730,1082,2837,13,2.2,0.93,238,86,3.51,14.13,6.62,31.89,50.17,11.31,0.71,6.39,1.45,
KS 129,sandy clay loam,7.8,7.75,24,956,755,5721,25,2.3,1.3,316,80,4.37,20.67,5.92,15.21,69.18,9.67,1.38,8.29,4.86,
KS 130,sandy clay loam,7.2,7.75,22,898,775,4571,23,1.86,1.2,303,90,4.05,17.8,6.46,18.13,64.17,11.23,1.25,10.54,3.69,
KS 131,sandy clay loam,7.3,7.7,18,846,774,5003,25,1.9,1.16,328,92,4.18,19.21,5.64,16.78,65.08,12.48,1.27,11.17,5.5,
KS 132,sandy clay loam,7.5,7.75,31,981,734,4746,30,2.01,1.23,333,97,4.24,18.18,6.91,16.82,65.26,11,1.27,8.15,3.9,
EE 21,clay loam,7.6,7.7,99,1378,1541,4854,44,3.28,3.48,389,74,4.37,22.72,7.77,28.25,53.4,10.56,1.6,31.09,4.08,
EE 22,clay loam,7.3,7.7,110,1369,1553,4805,39,2.89,4.82,406,74,4.74,22.63,7.75,28.58,53.06,10.6,1.56,29.07,1.99,
EE 23,clay loam,7.7,7.75,132,1395,1657,4917,29,3.5,4.58,390,70,4.66,22.98,7.78,30.03,53.48,8.7,1.61,15.72,1.89,
EE 24,clay loam,8.5,7.8,93,1335,1469,8954,28,5.02,4.62,336,46,4.46,31.81,5.37,19.23,70.35,5.02,1.78,11.03,1.15,
EE 105,sandy clay loam,7.7,7.75,130,1404,1366,4348,29,2.72,4.86,440,102,4.63,20.36,8.84,27.95,53.38,9.82,1.52,15.81,1.6,
EE 106,sandy clay loam,7.4,7.75,114,1505,1371,4140,27,2.56,4.89,431,103,4.58,19.99,9.65,28.57,51.77,10,1.32,15.69,2.16,
EE 107,sandy clay loam,7.5,7.75,102,1419,1396,4368,30,2.79,4.26,442,100,4.74,20.55,8.85,28.29,53.12,9.72,1.35,19.11,1.76,
EE 108,sandy clay loam,7.5,7.75,117,1577,1379,4282,37,3,5.51,444,104,4.69,20.47,9.87,28.06,52.28,9.76,1.37,22.62,1.72,
BE 13,clay loam,6.7,7.65,142,1760,1375,4605,26,2.03,3.89,351,143,6.24,22.29,10.11,25.69,51.63,12.55,1.5,12.73,1.45,
BE 14,clay loam,7.3,7.7,165,1573,1461,5130,22,2.74,5.44,449,92,6.22,23.32,8.64,26.09,54.97,10.28,1.64,10.55,1.05,
BE 15,clay loam,7.4,7.7,142,1241,1504,5115,17,2.33,5.93,454,104,6.04,23.04,6.9,27.19,55.48,10.41,1.67,11,3.73,
BE 16,clay loam,7.4,7.7,109,1261,1420,4920,19,2.45,4.58,473,80,6.3,22.23,7.27,26.61,55.32,10.79,1.65,7.7,1.13,
BE 17,clay loam,7.5,7.75,149,1743,1411,5054,23,3.3,6.76,476,80,5.84,22.74,9.82,25.84,55.54,8.79,1.84,18.6,2.82,
BE 18,clay loam,7.1,7.7,97,1308,1598,4925,31,2.66,5.95,486,72,6.2,23.04,7.27,28.88,53.42,10.41,1.68,42.49,1.73,
BE 19,clay loam,7.4,7.7,134,1415,1659,5056,24,2.77,7.02,449,77,6.17,23.76,7.63,29.08,53.18,10.09,1.8,18.36,1.07,
BE 20,clay loam,7.6,7.7,195,1569,1579,5201,24,2.93,8.38,463,83,6.39,23.99,8.38,27.42,54.19,10,1.76,14.63,1.29,
BS 97,sandy clay loam,7.8,7.7,26,1469,1422,5310,31,3.26,2.21,337,75,5.25,23.48,8.01,25.23,56.52,10.22,1.53,17.69,1.41,
BS 98,sandy clay loam,7.1,7.65,23,1401,1403,5320,34,3.04,2.16,338,72,5.27,23.74,7.56,24.62,56.01,11.79,1.52,14.6,1.45,
BS 99,sandy clay loam,6.7,7.7,21,1135,1422,5265,29,3.26,1.65,316,76,5.37,22.94,6.34,25.82,57.37,10.46,1.42,7.53,2.71,
BS 100,sandy clay loam,7.4,7.7,17,1445,1432,5531,29,3.07,1.96,300,75,5.37,24.04,7.7,24.81,57.5,9.98,1.5,14.1,1.64,
BS 101,clay loam,8.3,7.75,11,1197,1989,10140,32,5.11,2.17,243,73,6.39,37.17,4.12,22.29,68.19,5.38,1.7,6.9,1.4,
BS 102,clay loam,8.3,7.7,19,1296,1687,6710,27,4.56,2.54,282,81,6.23,27.86,5.96,25.22,60.19,8.61,1.66,8.58,1.02,
BS 103,clay loam,8.5,7.75,37,1370,1447,9606,34,4.48,3.07,294,62,5.61,33.8,5.19,17.83,71.04,5.91,1.53,13.9,1.41,
BS 104,clay loam,8.2,7.7,32,1561,1896,6567,36,4.67,4.11,325,80,6.41,28.71,6.96,27.5,57.16,8.35,1.83,27.12,1.99,
BH 37,sandy clay loam,8.2,7.75,147,1789,1730,6421,53,5.88,8.93,263,82,4.59,27.55,8.32,26.16,58.25,7.25,1.61,37.55,0.98,
BH 38,sandy clay loam,7.9,7.75,147,1907,1597,6579,56,5.93,7.81,248,79,4.47,27.54,8.87,24.15,59.7,7.26,1.59,38.41,1.14,
BH 39,sandy clay loam,8.3,7.8,97,1542,1750,6208,96,5.85,7.37,258,86,4.95,26.38,7.49,27.63,58.81,6.06,1.38,22.65,1.23,
BH 40,sandy clay loam,8.1,7.75,171,2051,1979,5967,82,6.61,9.38,274,91,5.06,27.79,9.46,29.66,53.67,7.19,1.63,49.2,1.07,
BH 41,clay loam,7.3,7.8,295,1555,756,3259,70,3.16,10.29,194,107,2.78,14.89,13.38,21.15,54.71,10.74,0.92,32.79,1.63,
BH 42,clay loam,7,7.8,317,1393,677,3323,72,3.01,13.07,191,140,2.72,14.51,12.3,19.43,57.23,11.02,1.12,47.37,1.52,
BH 43,clay loam,6.5,7.8,303,1241,612,2766,52,1.94,8.21,165,146,2.95,12.65,12.57,20.14,54.63,12.64,0.79,30.86,1.26,
BH 44,clay loam,7,7.8,258,1317,650,3168,56,2.7,9.83,191,126,2.9,13.91,12.13,19.46,56.9,11.49,0.92,30.65,1.39,
BH 45,clay loam,7.8,7.85,158,898,1478,2462,143,5.2,6.54,224,81,3.03,14.66,7.85,41.99,41.97,8.18,0.72,23.09,1.03,
BH 46,clay loam,7.8,7.85,173,902,1413,2495,106,5,8.4,214,79,2.97,14.48,7.98,40.65,43.07,8.28,0.71,22.04,0.76,
BH 47,clay loam,8,7.85,231,1079,1593,2841,132,6.16,13.35,199,81,2.91,16.32,8.47,40.66,43.51,7.35,0.84,42.33,0.96,
BH 48,clay loam,7.9,7.85,216,1115,1674,2903,196,6.13,10.83,226,81,3.31,16.86,8.47,41.36,43.04,7.11,0.82,22.96,1.48,
MH 61,sandy clay loam,7.6,7.85,116,941,726,3149,9,1.54,1.67,205,97,3.09,13.3,9.06,22.73,59.17,9.01,0.71,4.25,3.01,
MH 62,sandy clay loam,6.9,7.75,144,1045,733,3285,9,1.57,1.9,212,96,3.16,14.6,9.17,20.9,56.22,13.69,0.78,1.2,3.32,
MH 63,sandy clay loam,7.6,7.75,129,996,726,3321,9,1.39,1.8,204,94,3.2,14.6,8.74,20.71,56.84,13.69,0.76,9.02,2.77,
MH 65,sandy loam,7.3,7.8,72,864,443,2109,13,1.17,1.73,110,90,1.87,9.82,11.27,18.78,53.65,16.28,0.59,9.94,3.06,
MH 66,sandy loam,7.3,7.8,90,1287,661,2738,17,1.5,1.93,156,106,2.6,12.84,12.84,21.43,53.27,12.45,0.87,20.96,3.05,
MH 67,sandy loam,7.6,7.75,113,1177,661,2962,15,1.75,2.55,148,101,2.53,13.66,11.04,20.15,54.17,14.63,0.91,11.82,2.74,
MH 68,sandy loam,7.9,7.7,102,1162,677,3130,13,1.93,2.48,164,102,2.8,14.53,10.24,19.4,53.83,16.51,0.8,3.6,2.74,
MH 69,loamy sand,6.9,7.8,27,840,369,2204,17,0.95,1.62,151,92,2.17,9.72,11.07,15.81,56.66,16.45,0.59,10.73,4.99,
MH 70,loamy sand,7.1,7.8,37,852,385,2288,14,1.1,1.38,160,99,2.43,10.01,10.9,16.01,57.1,15.97,0.67,8.06,3.57,
MH 71,loamy sand,7,7.65,43,891,362,2070,15,1.1,1.44,148,101,2.25,10.62,10.75,14.19,48.7,26.35,0.61,8.5,3.51,
MH 72,loamy sand,8,7.8,107,853,336,1918,12,1.23,1.76,113,93,1.74,8.88,12.3,15.75,53.94,18,0.46,13.53,3.75,
CK 85,clay loam,7.5,7.6,315,1552,2203,5775,67,5.01,20.29,320,85,5.99,28.8,6.9,31.86,50.11,11.1,2.4,63.64,2.85,
CK 86,clay loam,7.5,7.7,75,1139,2032,5387,23,4.28,9.11,341,85,5.97,25.79,5.66,32.82,52.21,9.3,1.86,7.49,3.4,
CK 87,clay loam,7.6,7.7,215,1909,2085,5384,41,4.76,19.66,325,88,6.11,26.99,9.06,32.18,49.86,8.89,2.76,24.8,3.18,
CK 88,clay loam,7.2,7.65,360,1916,2298,6004,35,4.84,23.1,344,87,6.31,29.84,8.23,32.08,50.29,9.38,2.57,11.66,3.29,
CK 89,clay loam,7.8,7.7,280,2024,1988,6350,64,5.02,17.86,427,82,7.38,29.15,8.9,28.41,54.45,8.23,2.89,53.61,3.26,
CK 90,clay loam,7.7,7.65,261,2025,2326,7089,64,5.12,17.26,440,94,7.6,32.81,7.91,29.53,54.01,8.53,2.58,61.42,2.87,
CK 91,clay loam,7.7,7.7,217,1879,1855,5234,32,3.92,14.84,425,97,6.67,25.62,9.4,30.16,51.06,9.36,2.57,17.81,3.26,
CK 92,clay loam,7.9,7.7,178,1777,1862,5673,25,4.2,13.29,436,93,6.64,26.61,8.55,29.14,53.27,9.01,2.53,10.44,3.17,
CK 93,clay loam,6.7,7.55,78,1441,1631,4971,30,2.08,5.72,402,97,5.05,24.67,7.48,27.54,50.37,14.59,2,42.89,3.2,
CK 94,clay loam,7.7,7.7,59,1797,1987,4879,30,2.97,6.34,419,100,5.47,25.18,9.14,32.87,48.44,9.53,1.93,10.65,3.1,
CK 95,clay loam,7.5,7.7,91,1598,1987,4856,32,3.05,7.51,410,92,5.18,24.86,8.23,33.29,48.81,9.65,1.93,14.16,3.4,
CK 96,clay loam,7.2,7.65,277,1571,1909,5426,62,2.64,10.98,416,95,4.7,26.33,7.64,30.2,51.51,10.63,2.04,139.27,2.85,
BE 13,clay loam,6.7,7.6,231,1566,1360,4879,20,2.23,7.54,426,127,6.41,23.07,8.7,24.56,52.86,13.86,1.74,15.53,2.85,
BE 14,clay loam,6.7,7.7,229,1715,1405,4930,41,2.47,6.13,430,124,6.46,22.77,9.65,25.7,54.1,10.53,1.47,78.27,4.48,
BE 15,clay loam,7.3,7.7,195,1507,1526,4952,16,2.32,7,435,125,6.4,23.07,8.37,27.56,53.66,10.4,1.35,6.04,3,
BE 16,clay loam,7.1,7.7,159,1559,1463,5070,18,2.48,5.86,463,112,6.84,23.16,8.62,26.3,54.7,10.35,1.52,6.95,4.22,
BE 17,clay loam,7.6,7.75,87,1213,1561,4818,27,3.15,5.6,483,87,6.83,22.1,7.03,29.42,54.49,9.04,1.27,6.18,2.89,
BE 18,clay loam,7.5,7.8,121,1628,1603,4952,23,3.32,7.55,467,86,6.46,22.74,9.17,29.36,54.42,7.03,1.63,13.77,3.6,
BE 19,clay loam,7.7,7.75,172,1326,1674,4737,16,3.22,7.98,422,91,5.69,22.51,7.54,30.97,52.59,8.88,1.69,4.33,3.23,
BE 20,clay loam,7.6,7.7,205,1923,1541,4773,20,3.04,8.73,452,99,6.2,23.21,10.61,27.65,51.39,10.33,1.52,3.97,3.23,
EE 21,clay loam,8,7.75,149,1232,1621,4748,21,3.49,4.48,346,80,4.93,22.2,7.11,30.41,53.45,9,1.26,4.28,3.71,
EE 22,clay loam,8.1,7.8,114,1342,1661,4375,19,3.43,5.22,372,78,4.59,21.17,8.12,32.67,51.64,7.55,1.25,3.38,2.7,
EE 23,clay loam,7.6,7.75,120,1472,1621,5035,45,3.65,5.32,378,74,5.09,23.22,8.12,29.07,54.18,8.6,1.28,20.61,3.26,
EE 24,clay loam,8.4,7.75,63,1195,1559,8687,21,4.78,4.95,326,50,4.76,31.74,4.82,20.46,68.41,6.3,1.39,2.07,3.06,
BS 97,sandy clay loam,8.1,7.75,41,1608,1578,5268,23,3.6,4.5,307,94,6.33,23.8,8.65,27.61,55.32,8.4,1.38,4.75,2.38,
BS 98,sandy clay loam,8.1,7.8,43,1368,1429,5005,27,3.51,2.9,310,87,5.11,21.82,8.03,27.28,57.34,7.33,1.16,3.55,2.8,
BS 99,sandy clay loam,8.1,7.75,26,1618,1440,5212,23,3.77,2.45,298,88,5.63,23.1,8.97,25.96,56.39,8.65,1.16,3.67,2.68,
BS 100,sandy clay loam,8.2,7.65,22,1453,1368,5220,35,3.61,2.59,256,85,5.2,23.41,7.95,24.34,55.73,11.95,1.29,3.5,2.94,
BS 101,clay loam,8.4,7.7,18,1396,2037,12370,56,5.74,2.36,221,75,6.56,43.6,4.1,19.46,70.92,5.5,1.35,38.28,2.62,
BS 102,clay loam,8.3,7.8,23,1488,1737,7147,19,4.85,2.96,264,87,6.23,28.61,6.66,25.29,62.44,5.59,1.38,9.86,2.57,
BS 103,clay loam,8.5,7.75,34,1562,1771,9541,24,4.75,3.7,287,73,6,35.23,5.68,20.94,67.69,5.67,1.39,10.27,2.75,
BS 104,clay loam,8.2,7.7,42,1474,1812,6484,29,5.08,4.02,296,86,6.2,28.04,6.73,26.91,57.79,8.55,1.33,30.8,3.04,
EE 105,sandy clay loam,8.1,7.75,88,1052,1334,4190,16,2.85,4.4,405,99,4.86,19.38,6.95,28.67,54.04,10.31,1.07,3.26,2.77,
EE 106,sandy clay loam,7.8,7.8,100,1014,1418,4143,17,2.94,4.95,417,103,4.79,19.16,6.78,30.82,54.04,8.34,1,2.26,2.54,
EE 107,sandy clay loam,8,7.8,72,1068,1390,4138,14,2.89,4.65,414,101,4.78,19.1,7.16,30.31,54.14,8.37,1.06,2.13,2.82,
EE 108,sandy clay loam,7.9,7.7,113,1266,1363,4174,15,2.92,5.74,409,104,4.86,20.13,8.06,28.2,51.81,11.91,1.1,1.95,2.53,
JA 109,sand,8.3,7.85,150,1084,860,2813,13,4.01,17.22,110,102,2.59,13.2,10.52,27.13,53.25,9.08,0.41,3.81,3.46,
JA 110,sand,8.5,7.9,100,1053,913,6857,15,4.1,19.56,102,80,3.23,23.09,5.84,16.47,74.22,3.46,0.47,4.86,5.39,
JA 111,sand,8.2,7.9,74,741,709,2197,11,2.59,9.54,89,91,2.43,10.19,9.31,28.97,53.86,7.84,0.32,4.85,3.59,
JA 112,sand,8,7.85,145,840,699,2333,22,2.84,10.45,89,92,2.97,11.02,9.77,26.42,52.91,10.88,0.42,3.26,3.98,
JA 113,loamy sand,7,7.8,70,754,956,2427,429,3.1,2.93,98,84,1.93,12.61,7.66,31.56,48.08,12.68,0.31,3.05,7.83,
JA 114,loamy sand,7.4,7.8,49,690,854,2565,23,2.24,1.92,135,99,2.27,12.45,7.1,28.56,51.48,12.84,0.49,2,5.56,
JA 115,loamy sand,7.1,7.8,115,609,787,2258,38,2.43,1.64,115,99,1.98,11.3,6.9,29,49.93,14.15,0.4,1.25,3.32,
JA 116,loamy sand,6,7.75,162,663,842,2497,411,2.13,3.14,88,88,1.78,12.6,6.74,27.84,49.54,15.87,0.41,18.43,6.71,
JA 117,loamy sand,8.1,7.85,63,532,317,3281,28,1.26,1.03,78,92,1.69,11.4,5.98,11.58,71.91,10.52,0.29,9.47,4.96,
JA 118,loamy sand,8.1,7.85,69,614,341,3869,10,1.28,0.88,88,96,1.9,13.08,6.01,10.86,73.94,9.17,0.29,4.53,3.68,
JA 119,loamy sand,7.9,7.85,48,544,310,3158,15,1.14,0.76,82,88,1.6,11.08,6.29,11.65,71.22,10.82,0.25,4.56,2.16,
JA 120,loamy sand,8.1,7.8,62,580,337,3651,17,1.3,0.96,75,95,1.93,12.87,5.77,10.9,70.89,12.42,0.3,5.54,4.35,
KK 73,sandy loam,7.2,7.7,113,854,1139,2704,25,2.71,23.71,138,88,2.48,15,7.29,31.63,45.06,15.99,1.05,3.5,2.5,
KK 74,sandy loam,7.6,7.85,86,1029,1057,2574,25,3.12,24.56,138,87,2.57,13.35,9.87,32.96,48.17,8.98,0.99,3.49,2.7,
KK 75,sandy loam,7.6,7.8,133,1041,1182,2810,31,3.12,30.38,140,89,2.45,14.88,8.96,33.08,47.19,10.74,1.2,3.54,2.69,
KK 76,sandy loam,6.9,7.7,145,1028,996,2362,29,2.3,22.26,141,90,2.22,13.77,9.56,30.13,42.87,17.42,0.92,4.73,3.38,
KK 77,sandy loam,7.1,7.8,238,1061,777,2365,28,1.73,27.52,146,115,2.63,12.11,11.23,26.73,48.82,13.21,0.85,6.89,1.92,
KK 78,sandy loam,7.1,7.8,243,1373,1010,2942,28,2.24,31.03,167,92,3.5,14.92,11.79,28.19,49.28,10.72,1.24,7.76,3.19,
KK 79,sandy loam,7.4,7.8,128,1055,947,3031,29,1.88,16.52,154,84,2.74,14.47,9.34,27.25,52.34,11.05,0.83,2.92,2.9,
KK 80,sandy loam,6.8,7.75,207,1044,807,2283,29,1.63,23.01,152,95,2.59,12.4,10.78,27.09,45.99,16.11,0.87,5.03,2.41,
KK 81,sandy loam,8.3,7.85,206,1428,1102,3730,23,3.01,18.91,235,85,3.22,16.94,10.8,27.09,55.02,7.08,0.99,2.19,2.48,
KK 82,sandy loam,8.1,7.9,184,1280,1042,3268,20,2.87,18,227,86,3.1,14.95,10.97,29.03,54.63,5.35,0.9,2.39,2.14,
KK 83,sandy loam,8.2,7.85,217,1522,1058,3218,27,3.07,17.4,230,91,3.25,15.6,12.5,28.25,51.55,7.69,0.92,2.8,2.88,
KK 84,sandy loam,8.2,7.8,393,1809,1211,3909,27,3.19,24.38,230,100,3.25,18.73,12.37,26.92,52.15,8.53,1.1,1.56,2.49,
KS 121,sandy clay loam,7.9,7.8,70,1174,1434,3297,52,4.72,1.93,255,89,4.3,17.32,8.68,34.49,47.58,9.23,0.7,65.76,3.2,
KS 122,sandy clay loam,7.4,7.8,81,1054,1822,4192,226,4.4,1.84,279,87,4.47,21.02,6.42,36.11,49.85,7.61,0.79,306.14,3.03,
KS 123,sandy clay loam,7.5,7.8,49,992,1637,3846,119,4.49,1.38,286,80,4.44,19.3,6.58,35.32,49.79,8.28,0.74,145.59,3.07,
KS 124,sandy clay loam,7.6,7.75,49,990,1640,3758,96,4.42,1.49,290,81,4.71,19.49,6.5,35.04,48.18,10.25,0.79,137.81,3.11,
KS 125,sandy loam,7.4,7.8,60,1011,1028,2742,30,2.64,1.38,191,83,3.19,14.03,9.23,30.52,48.84,11.4,0.58,28.07,3.39,
KS 126,sandy loam,7.4,7.85,62,861,1003,2603,20,2.34,1.42,193,85,3.09,12.99,8.49,32.17,50.09,9.23,0.58,12.58,3.11,
KS 127,sandy loam,7.7,7.8,50,761,940,2517,20,2.22,1.15,197,88,3.16,12.78,7.63,30.63,49.21,12.51,0.52,10.63,3.27,
KS 128,sandy loam,7.4,7.8,52,830,932,2442,29,2.27,1.19,194,81,2.96,12.65,8.41,30.69,48.25,12.64,0.55,20.09,3.31,
KS 130,sandy clay loam,7.5,7.75,25,962,757,4307,27,2.06,1.26,283,89,3.76,17.15,7.18,18.38,62.76,11.65,1.11,11.75,5.4,
KS 131,sandy clay loam,7.4,7.8,23,908,747,4685,19,1.94,1.27,285,91,3.86,17.58,6.61,17.69,66.58,9.09,1.11,10.42,6.84,
KS 132,sandy clay loam,7.5,7.75,40,948,705,4456,22,1.79,1.28,299,90,3.94,17.29,7.02,16.98,64.41,11.56,1.02,18.79,6.44,
KS 129,sandy clay loam,7.5,7.7,23,879,753,4954,21,2.01,1.19,292,82,4.05,19.04,5.91,16.47,65.01,12.59,1.17,19.88,4.23,
TG 35,clay loam,8.1,7.75,76,1767,2389,4997,38,7.78,5.29,356,79,5.22,26.71,8.48,37.26,46.76,7.48,1.69,31,3.03,
TG 36,clay loam,8.2,7.55,58,1959,2211,4948,31,7.97,4.96,332,70,5.09,27.69,9.06,33.26,44.66,12.99,1.72,15.3,2.71,
RN 49,loam,8.1,7.8,58,1536,1755,4509,33,6.05,7.43,344,73,4.88,22.15,8.88,33,50.88,7.22,1.49,32,2.3,
RN 50,loam,7.9,7.55,39,1605,1765,4093,32,5.19,6.57,403,71,5.13,23.24,8.85,31.63,44.02,15.48,1.3,26,3.33,
RN 51,loam,8,7.75,52,1541,1653,4228,34,5.16,6.83,395,69,4.83,21.43,9.21,32.13,49.31,9.33,1.43,31.2,2.87,
RN 52,loam,7.8,7.65,49,1405,1672,4153,34,5.17,12.27,357,72,4.77,21.95,8.2,31.73,47.29,12.75,1.62,30.3,2.69,
RN 53,sandy clay loam,8.1,7.6,131,1174,1953,4882,119,7.19,2.43,348,86,5.75,25.04,6,32.48,48.72,12.77,1.26,17,2.93,
RN 54,sandy clay loam,8.1,7.75,105,1082,1951,4802,65,6.8,2.54,310,95,5.75,23.52,5.89,34.56,51.03,8.5,1.27,15,5.5,
RN 55,sandy clay loam,7.9,7.8,220,1177,1823,4462,74,5.9,3.6,325,98,5.28,21.85,6.9,34.74,51.02,7.31,1.15,20,5.4,
RN 56,sandy clay loam,8,7.6,169,1292,1851,4866,30,5.55,3.75,342,94,5.28,24.73,6.69,31.18,49.18,12.93,1.21,5.8,3.82,
TG 25,clay loam,8.7,7.8,122,1487,2031,4832,33,7.27,4.33,345,87,4.59,24.04,7.92,35.18,50.23,6.65,1.32,2.1,2.83,
TG 26,clay loam,8.5,7.8,132,1353,1932,4446,30,6.7,5.39,371,80,4.5,22.49,7.7,35.77,49.4,7.11,1.23,5.1,2.59,
TG 27,clay loam,8.5,7.8,100,1423,2059,4478,28,6.23,4.46,345,82,4.52,23.19,7.86,36.98,48.25,6.89,1.34,4.5,2.45,
TG 28,clay loam,8.5,7.75,81,1578,1879,4726,48,6.36,4.12,332,80,4.52,23.66,8.54,33.08,49.92,8.45,1.52,10.1,2.64,
TG 29,sandy clay loam,8.1,7.75,61,1501,1990,4783,66,7.41,4.91,358,79,4.74,24.17,7.96,34.3,49.46,8.27,1.64,67.8,2.88,
TG 30,sandy clay loam,8.3,7.75,118,1535,1973,4456,47,7.44,5.58,366,85,4.47,23.32,8.43,35.23,47.75,8.57,1.44,30.8,2.59,
TG 31,sandy clay loam,8.2,7.75,173,1549,2076,4449,51,6.89,7.75,400,84,4.95,23.75,8.35,36.4,46.81,8.41,1.55,11.7,3.39,
TG 32,sandy clay loam,8.3,7.7,137,1373,1824,4256,38,6.63,6.24,370,83,4.17,22.4,7.85,33.92,47.49,10.71,1.38,8.9,3.74,
TG 33,clay loam,8.3,7.8,78,1903,2161,4874,35,7.9,6.77,318,76,4.64,25.22,9.67,35.68,48.29,6.34,1.68,19,2.98,
TG 34,clay loam,8.4,7.75,71,1751,2257,4940,30,9.14,6.07,345,75,4.64,25.99,8.63,36.17,47.5,7.69,1.58,7.7,2.42,
RN 57,clay loam,8.1,7.7,160,1838,2383,5502,30,6.22,16.76,315,74,4.83,28.44,8.28,34.91,48.36,8.43,2.32,19.5,3.61,
RN 58,clay loam,8.1,7.55,48,1561,2369,5105,25,5.68,9.19,340,80,5.19,28.23,7.08,34.96,45.2,12.75,1.81,4.72,3.28,
RN 59,clay loam,8.2,7.75,97,1641,2321,5421,25,5.91,11.28,322,74,4.79,27.32,7.69,35.38,49.59,7.31,2.01,13.2,2.97,
RN 60,clay loam,8.1,7.7,82,1559,2286,5109,30,5.91,13.57,305,77,4.72,26.69,7.48,35.67,47.84,8.99,2.01,13.8,3.09,
BH 37,sandy clay loam,7.8,7.75,135,1642,1701,6524,41,5.45,6.77,246,94,4.61,27.5,7.65,25.77,59.3,7.27,1.26,59.98,2.99,
BH 38,sandy clay loam,7.7,7.8,164,1657,1607,7027,37,5.13,7.6,235,88,4.64,27.98,7.59,23.92,62.76,5.71,1.27,52.07,2.59,
BH 39,sandy clay loam,7.8,7.75,178,1716,1753,6366,42,5.89,8.94,229,99,4.99,27.41,8.02,26.63,58.04,7.29,1.37,47.32,2.82,
BH 40,sandy clay loam,7.7,7.7,154,1650,1708,5095,73,6.1,10.18,226,97,4.79,24.36,8.68,29.2,52.26,9.84,1.51,41.41,2.43,
BH 45,sandy loam,8.4,7.9,171,726,1585,2444,62,6.26,7.21,219,84,3.3,14.44,6.44,45.71,42.29,5.53,0.66,4.47,2.13,
BH 46,sandy loam,8.3,7.9,181,667,1479,2312,65,5.82,8.81,193,79,3.12,13.59,6.28,45.32,42.5,5.88,0.6,4.11,2.09,
BH 47,sandy loam,8.2,7.85,257,824,1726,2894,71,7.29,14.17,194,89,3.23,16.68,6.33,43.1,43.36,7.19,0.72,4.62,4.76,
BH 48,sandy loam,8.3,7.9,226,879,1658,2776,78,7.73,12.46,200,83,3.19,15.77,7.14,43.79,43.99,5.07,0.8,5.99,2.43,
BH 41,sandy loam,7.1,7.8,303,1316,756,3421,118,3.02,10.47,186,118,3.03,14.98,11.25,21.01,57.05,10.67,0.9,66.53,2.94,
BH 42,sandy loam,7.2,7.85,341,1441,657,3225,116,2.61,12.46,168,134,2.62,13.84,13.34,19.76,58.22,8.66,0.89,93.47,2.75,
BH 43,sandy loam,7.1,7.8,352,1755,703,3295,159,2.96,12.48,167,130,2.74,15.01,14.98,19.5,54.85,10.65,0.84,74.85,4.05,
BH 44,sandy loam,7.6,7.85,231,1097,678,2995,67,2.59,10.2,184,112,2.92,12.91,10.88,21.86,57.95,9.28,0.76,32.25,2.86,
JB 1,loamy sand,8,7.85,83,629,1347,1908,41,3.07,1.26,107,61,0.4,12.38,6.5,45.3,38.5,9.68,0.42,9.01,2.31,
JB 2,loamy sand,8.2,7.85,50,564,1466,1727,11,3.23,2.18,95,56,0.2,12.34,5.85,49.46,34.96,9.71,0.57,3.84,1.79,
JB 3,loamy sand,8.2,7.85,17,542,1431,1749,18,3,0.68,116,55,0.41,12.22,5.68,48.75,35.75,9.81,0.44,5.33,2.2,
JB 4,loamy sand,8,7.8,32,664,1515,1875,36,3.7,3.58,124,57,0.63,13.45,6.32,46.92,34.84,11.89,0.49,3.44,1.61,
JB 5,loamy sand,7,7.8,83,481,389,2406,8,0.92,1.2,116,75,0.43,9.85,6.25,16.45,61.05,16.23,0.4,2.75,2.1,
JB 6,loamy sand,7.4,7.8,8,480,407,2541,4,0.87,1.2,122,64,0.49,10.26,5.99,16.52,61.89,15.58,0.35,1.36,1.77,
JB 7,loamy sand,6.9,7.8,18,522,375,2165,4,0.8,1.2,119,65,0.29,9.24,7.23,16.9,58.55,17.3,0.31,1.56,2.27,
JB 8,loamy sand,7.2,7.8,12,474,369,2163,3,0.83,1.2,118,77,0.33,9.15,6.63,16.79,59.08,17.48,0.33,2.07,1.67,
JB 9,loamy sand,7.8,7.8,73,683,1741,1900,42,3.28,1.28,129,55,0.82,14.47,6.04,50.09,32.8,11.04,0.71,4.79,1.54,
JB 10,loamy sand,8.3,7.85,69,957,1688,2291,37,4.65,1.25,133,56,1.07,15.18,8.07,46.3,37.71,7.9,0.7,6.75,0.94,
JB 11,loamy sand,7.8,7.8,98,765,1503,1678,18,3.33,1.52,125,58,0.74,13.03,7.52,48.03,32.17,12.27,0.61,4.97,1.87,
JB 12,loamy sand,7.5,7.75,101,707,1482,1745,24,2.49,1.2,139,56,0.82,13.44,6.74,45.93,32.44,14.87,0.66,4.38,1.48,
MH 61,sandy clay loam,7.4,7.8,105,854,710,3236,6,1.34,1.2,208,83,1.63,13.74,7.96,21.52,58.86,11.64,0.66,5.03,1.44,
MH 62,sandy clay loam,7.5,7.75,120,941,736,3519,5,1.35,1.2,226,86,1.91,15.07,8,20.34,58.37,13.27,0.77,3.07,0.88,
MH 63,sandy clay loam,7.4,7.75,95,800,698,3049,9,1.24,1.2,202,80,1.46,13.55,7.56,21.45,56.22,14.75,0.77,3.5,1.1,
MH 64,sandy clay loam,7.3,7.75,109,911,725,3466,9,1.35,1.2,219,79,1.75,14.85,7.86,20.33,58.33,13.46,0.38,11.03,1.79,
MH 65,sandy loam,7.5,7.8,92,969,545,2745,13,1.27,10.52,136,86,0.77,11.97,10.37,18.96,57.3,13.36,0.48,11.2,1.34,
MH 66,sandy loam,7.2,7.75,93,1156,663,3100,18,1.46,1.62,166,97,1.2,13.99,10.59,19.73,55.37,14.29,0.56,9.61,1.65,
MH 67,sandy loam,7.5,7.8,114,1208,634,3025,15,1.52,1.06,160,98,1.13,13.35,11.59,19.78,56.63,11.98,0.62,8.11,1.24,
MH 68,sandy loam,7.2,7.75,122,1573,624,2946,22,1.52,1.51,157,99,1.41,13.98,14.42,18.59,52.67,14.3,0.68,21.58,1.64,
MH 69,loamy sand,6.8,7.8,28,856,331,2039,13,0.82,1.2,153,93,0.74,9.17,11.96,15.03,55.56,17.44,0.39,4.08,1.37,
MH 70,loamy sand,6.7,7.75,10,835,392,2588,11,0.75,1.2,167,92,0.97,11.17,9.58,14.61,57.9,17.89,0.46,3.93,1.06,
MH 71,loamy sand,6.4,7.75,23,845,325,1916,15,0.65,1.2,148,94,0.64,9.22,11.74,14.67,51.91,21.67,0.37,7.38,1.25,
MH 72,loamy sand,6.2,7.75,25,842,345,1910,25,0.8,1.2,129,89,0.51,9.29,11.61,15.47,51.38,21.52,0.36,28.76,1.64,
KK 83,sandy loam,8,7.85,135,1234,855,2726,19,2.33,14.48,222,70,1.29,13.15,12.02,27.07,51.78,9.11,0.8,7.2,2.03,
KK 84,sandy loam,8,7.8,188,1186,1013,3238,17,2.31,16.45,239,74,1.47,15.43,9.85,27.34,52.44,10.36,0.88,6.2,2.68,
KK 73,sandy loam,7.5,7.8,121,783,1019,2433,17,2.34,19.3,132,68,0.92,12.93,7.76,32.83,47.03,12.37,1.03,6.72,3.57,
KK 74,sandy loam,7.4,7.75,104,706,1069,2499,21,2.48,22.16,136,81,0.92,13.6,6.65,32.73,45.91,14.69,0.94,6.92,2.28,
KK 75,sandy loam,7.7,7.8,50,990,989,2291,18,2.36,20.31,112,69,0.98,12.71,9.98,32.4,45.03,12.58,1,5.94,2.09,
KK 76,sandy loam,7.1,7.75,87,835,925,2159,18,2.1,23.11,134,76,0.83,12.32,8.68,31.27,43.8,16.23,0.87,4.77,2.16,
KK 77,sandy loam,6.8,7.75,180,788,706,2075,14,1.34,23.7,157,117,1.23,11.13,9.06,26.4,46.56,17.95,0.72,4.23,1.59,
KK 78,sandy loam,7.3,7.7,185,1082,893,2800,19,2.62,25.06,181,81,1.63,14.5,9.56,25.64,48.24,16.54,1.01,6.38,1.2,
KK 79,sandy loam,7.2,7.8,114,967,887,2330,18,1.87,14.07,162,68,1.38,12.36,10.02,29.9,47.12,12.94,0.77,5.35,1.59,
KK 80,sandy loam,7.1,7.8,211,1273,747,2229,18,1.8,22.88,153,79,1.55,11.91,13.69,26.11,46.76,13.42,0.91,8.16,1.76,
KK 81,sandy loam,8,7.75,202,1015,1021,3433,22,2.62,19.45,230,77,1.47,16.13,8.06,26.36,53.18,12.39,1.08,3.69,0.74,
KK 82,sandy loam,7.9,7.75,180,1271,994,3144,15,2.44,17.14,233,79,1.55,15.63,10.42,26.49,50.28,12.79,1.12,5.94,2.2,
BH 37,sandy clay loam,8,7.85,105.5,1062.5,746,2719,16,2.8,8.52,114,37,2.15,23.73,11.47,26.19,57.27,5.05,1.46,32.17,3.28,
BH 38,sandy clay loam,8.1,7.8,102,1028,804,3621,20,2.82,5.87,126,35,2.19,29.04,9.07,23.07,62.34,5.5,1.52,29.69,2.74,
BH 39,sandy clay loam,7.8,7.8,97.5,908.5,714.5,2335,10.5,2.49,5.66,121,39.5,2.07,21.55,10.8,27.61,54.15,7.42,1.37,4.71,2.93,
BH 40,sandy clay loam,8,7.8,112.5,1080.5,817.5,2765,14,2.98,7.38,122,39,2.3,25,11.07,27.24,55.28,6.39,1.57,15.13,2.46,
BH 41,sandy loam,7.4,7.85,164,667.5,293.5,1374,14.5,1.09,6.12,83.5,50.5,1.3,12.22,13.99,20,56.18,9.81,0.9,6.58,2.92,
BH 42,sandy loam,7.5,7.85,154.5,651.5,309,1407.5,8.5,1.13,5.63,88.5,50,1.41,12.48,13.38,20.62,56.37,9.61,0.78,4.11,2.79,
BH 43,sandy loam,7.7,7.9,155.5,621.5,301.5,1521,8.5,1.24,6.67,101.5,51.5,1.39,12.51,12.73,20.08,60.78,6.39,1.07,4.09,3.44,
BH 44,sandy loam,7.3,7.9,187.5,742,348.5,1715.5,21,1.47,7.87,111,48,1.54,14.18,13.41,20.47,60.47,5.64,1.03,20.71,3.36,
BH 45,sandy loam,8.3,7.9,93.5,602,615.5,1216,13.5,2.7,4.2,103,29.5,1.44,13.55,11.38,37.84,44.86,5.9,0.73,3.43,2.72,
BH 46,sandy loam,8,7.9,79.5,497,617,1167,9.5,2.42,4.68,98.5,28,1.33,13.05,9.76,39.39,44.7,6.12,0.74,3.88,2.45,
BH 47,sandy loam,8.2,7.9,76.5,512,534,1062.5,9,2.27,3.12,102,30,1.29,11.87,11.05,37.47,44.73,6.73,0.73,4.28,2.69,
BH 48,sandy loam,8.1,7.95,130.5,636.5,645.5,1377,12,2.69,7.39,102,34.5,1.4,14.29,11.41,37.62,48.15,2.79,0.95,6.34,3.01,
CK 85,clay loam,7.7,7.65,123,761,986.5,2572.5,29.5,1.86,7.43,168,37,2.67,25.83,7.55,31.82,49.78,10.83,2.02,22.41,4.08,
CK 86,clay loam,7.6,7.8,74.5,692.5,993,2683.5,21.5,2.03,6.4,163.5,33,2.8,25.06,7.08,33.01,53.52,6.38,2.02,19.34,2.81,
CK 87,clay loam,7.9,7.8,79.5,743.5,966,2669,12,1.97,6.46,169,33.5,2.76,24.9,7.65,32.32,53.59,6.42,2.16,8.17,2.55,
CK 88,clay loam,7.6,7.8,112.5,768,1129,2899.5,25,1.97,7.42,183.5,36,2.83,27.47,7.16,34.24,52.76,5.82,2.27,29.86,2.91,
CK 89,clay loam,7.9,7.5,102.5,907,953.5,3042,11,2.09,7.44,240,42,3.58,29.48,7.88,26.95,51.59,13.56,2.35,8.23,3.18,
CK 90,clay loam,7.7,7.8,109.5,890.5,937,3034,18,2.2,8.27,211,39.5,3.32,26.86,8.5,29.06,56.47,5.95,2.48,21.09,4.03,
CK 91,clay loam,7.9,7.8,133.5,882,947.5,3140.5,11.5,2.16,10.06,229.5,41,3.69,27.45,8.23,28.75,57.18,5.82,2.28,8.91,4.48,
CK 92,clay loam,7.5,7.75,90.5,818.5,893.5,2931,15.5,1.96,8.1,238.5,37.5,3.3,26.19,8.01,28.41,55.93,7.63,2.14,12.43,3.91,
CK 93,clay loam,6.8,7.75,53.5,784.5,752.5,2324.5,30,0.91,3.28,190,37.5,2.16,21.9,9.18,28.62,53.05,9.13,1.66,24.15,3.76,
CK 94,clay loam,7,7.7,13.5,760.5,877.5,2426.5,13.5,1.07,2.75,209,42,2.5,23.79,8.19,30.73,50.98,10.08,1.53,7.39,3.42,
CK 95,clay loam,7.1,7.7,67,699,843,2607.5,14.5,1.15,4.3,206,37,2.33,24.25,7.38,28.96,53.75,9.89,1.79,11.91,3.76,
CK 96,clay loam,7.6,7.8,24,658,856.5,2459.5,11,1.17,3.3,208.5,37,2.38,22.72,7.42,31.41,54.12,7.04,1.71,7.66,3.44,
TG 25,clay loam,8.6,7.8,97,887,1992,3903,19,4.36,4.13,316,77,3.72,20.79,5.46,39.91,46.92,7.69,1.15,3.69,2.41,
TG 26,clay loam,8.3,7.8,164,1102,1988,4108,23,6.62,4.93,339,72,3.72,21.56,6.55,38.4,47.62,7.41,1.2,2.35,1.75,
TG 27,clay loam,8.3,7.75,104,960,2019,3907,23,4.81,4.27,316,73,3.58,21.41,5.74,39.29,45.61,9.34,1.29,2.38,2.1,
TG 28,clay loam,8.3,7.75,141,1037,2114,4252,23,5.46,6.2,299,63,3.47,22.76,5.83,38.68,46.68,8.78,1.52,4.81,2.27,
TG 29,sandy clay loam,8.6,7.8,57,1462,1900,4489,31,6.69,4.37,340,68,3.98,22.61,8.28,35,49.62,7.07,1.53,11.26,1.81,
TG 30,sandy clay loam,8.5,7.8,114,1463,2021,4443,24,7.34,5.14,370,84,4.14,23,8.15,36.6,48.28,6.95,1.38,8.41,1.47,
TG 31,sandy clay loam,8.3,7.75,160,1319,2027,4234,27,5.75,6.33,405,82,4.5,22.72,7.44,37.17,46.58,8.8,1.47,8.18,2.25,
TG 32,sandy clay loam,8.3,7.75,126,1279,1747,4028,23,5.59,5.84,359,75,3.59,20.98,7.81,34.68,47.97,9.52,1.42,4.58,1.99,
TG 33,clay loam,8.6,7.8,68,1713,2113,4718,29,7.81,5.96,316,71,4,24.39,9,36.08,48.34,6.55,1.45,9.85,2.1,
TG 34,clay loam,8.6,7.75,67,1791,2123,4928,55,8.86,4.3,343,75,4.2,25.46,9.01,34.74,48.38,7.85,1.51,10.75,1.72,
TG 35,clay loam,8.7,7.75,68,1719,2136,4899,35,7.82,3.77,342,78,4.21,25.35,8.69,35.1,48.31,7.88,1.31,7.62,1.63,
TG 36,clay loam,8.5,7.75,58,1629,2167,4841,32,8.04,4.57,313,71,4.37,25.22,8.28,35.8,47.98,7.93,1.45,7.56,1.73,
RN 49,loam,8.5,7.85,65,1345,1713,4276,23,6.34,6.6,340,70,3.98,20.75,8.3,34.39,51.51,5.78,1.27,8.25,2.07,
RN 50,loam,8.3,7.8,38,1280,1711,4160,19,5.21,6.39,376,66,3.89,20.77,7.9,34.32,50.07,7.7,1.27,3.73,1.86,
RN 51,loam,8.4,7.8,61,1562,1602,4120,17,5.14,7.4,383,68,3.93,20.57,9.73,32.43,50.05,7.77,1.34,5.88,1.5,
RN 52,loam,8.2,7.75,45,1297,1724,4113,18,4.87,13.73,365,65,3.8,21.12,7.86,33.99,48.66,9.46,1.53,6.98,1.81,
RN 53,sandy clay loam,8.3,7.8,172,1179,2026,5119,79,7.33,2.51,364,84,5.23,24.35,6.2,34.66,52.55,6.57,1.1,4.98,1.81,
RN 54,sandy clay loam,8.1,7.7,144,1069,1913,4648,17,6.15,2.42,319,89,4.76,23.36,5.86,34.11,49.74,10.27,1.14,3.19,1.81,
RN 55,sandy clay loam,8.1,7.75,161,1109,1915,4570,119,5.96,1.76,335,84,4.35,22.82,6.22,34.95,50.05,8.76,1.09,8.9,2.18,
RN 56,sandy clay loam,8,7.65,199,1190,1825,4656,14,5.38,2.4,340,88,4.62,23.56,6.47,32.26,49.38,11.87,1.15,5.11,2.12,
RN 57,clay loam,8.4,7.8,105,1777,2246,5226,31,6.16,10.22,321,72,4.15,26.3,8.66,35.58,49.67,6.08,1.91,5.3,1.76,
RN 58,clay loam,7.8,7.65,25,1595,2135,4380,24,4.55,5.18,299,69,3.86,24.69,8.28,36.02,44.34,11.34,1.68,9.6,2.47,
RN 59,clay loam,8.3,7.7,95,1501,2169,4983,29,5.86,9.99,311,67,4.1,25.81,7.45,35,48.24,9.29,1.81,10.94,1.36,
RN 60,clay loam,7.7,7.75,35,1481,2070,4847,24,5.56,5.72,304,67,4.12,24.64,7.7,35,49.17,8.11,1.66,5.52,1.5,
BE 13,clay loam,7.1,7.7,163,1550,1340,4509,19,2.23,4.66,429,102,4.89,21.24,9.35,26.28,53.06,11.29,1.65,6.68,2.32,
BE 14,clay loam,6.7,7.65,205,1614,1396,4855,34,2.44,4.99,386,106,5,22.82,9.06,25.48,53.18,12.26,1.63,45.1,2.14,
BE 15,clay loam,7.1,7.65,216,1702,1479,5039,27,2.47,6.59,409,117,4.87,23.74,9.19,25.95,53.05,11.79,1.77,14.09,2.1,
BE 16,clay loam,7.4,7.75,128,1686,1539,5488,21,2.61,4.55,448,93,5.89,24.29,8.89,26.39,56.47,8.23,1.7,6.99,1.92,
BE 17,clay loam,8,7.8,89,1365,1608,4955,20,3.4,7.93,469,73,5.73,22.43,7.79,29.86,55.2,7.13,1.57,7.1,1.52,
BE 18,clay loam,7.2,7.75,97,1207,1588,4428,19,3.14,6.13,399,67,4.46,21.23,7.28,31.16,52.13,9.41,1.86,7.79,2.17,
BE 19,clay loam,8,7.75,136,1436,1652,4745,18,2.82,6.51,424,78,5.26,22.58,8.15,30.47,52.51,8.85,1.66,5.13,1.57,
BE 20,clay loam,7.6,7.75,149,1455,1540,4668,23,2.96,8,433,83,5.86,21.95,8.49,29.23,53.16,9.11,1.78,4.21,1.74,
EE 21,clay loam,8.2,7.8,142,1259,1668,4903,21,3.58,4.83,356,65,4.4,22.42,7.19,30.99,54.66,7.13,1.48,2.97,1.74,
EE 22,clay loam,7.4,7.7,139,1369,1392,4700,19,2.74,4.24,374,65,4.05,21.7,8.08,26.72,54.13,11.05,1.55,3.07,1.72,
EE 23,clay loam,8.5,7.75,103,1220,1609,5080,23,3.97,4.6,346,56,4.35,22.96,6.8,29.18,55.29,8.7,1.46,4.38,1.62,
EE 24,clay loam,8.6,7.8,110,1242,1447,9006,25,5.27,5.75,318,45,4.52,31.73,5.01,18.99,70.94,5.04,1.45,3.49,1.58,
JA 109,sand,8.6,7.95,153,1345,818,2841,24,3.96,16.11,103,86,2.33,12.63,13.64,26.97,56.21,3.16,0.6,4.81,1.38,
JA 110,sand,8.5,7.85,80,877,856,6187,21,4.16,18.99,98,68,2.74,21.35,5.26,16.69,72.41,5.61,0.51,2.61,1.19,
JA 111,sand,8.4,7.9,48,733,650,2046,16,2.61,9.17,86,72,2.05,9.56,9.82,28.32,53.48,8.36,0.41,2.68,1.22,
JA 112,sand,8.2,7.9,100,726,595,1836,17,1.93,6.96,77,73,2.34,8.79,10.57,28.17,52.15,9.09,0.44,2.57,1.42,
JA 113,loamy sand,8.1,7.9,26,561,758,1842,20,2.88,2.46,95,65,1.67,9.28,7.74,34.02,49.6,8.61,0.37,2.32,1.66,
JA 114,loamy sand,7.8,7.8,42,757,836,2598,59,2.64,1.58,122,61,1.93,12.54,7.73,27.75,51.75,12.75,0.53,2.75,1.53,
JA 115,loamy sand,8.2,7.85,18,565,797,2140,19,3.13,1.26,113,64,1.76,10.59,6.83,31.34,50.49,11.32,0.45,1.72,1.79,
JA 116,loamy sand,8.5,7.95,40,686,732,1966,68,3.94,2.56,93,65,1.81,9.24,9.51,32.99,53.16,4.32,0.44,4.11,1.6,
JA 117,loamy sand,8.4,7.9,51,502,283,3639,11,1.41,0.79,85,71,1.67,11.72,5.49,10.06,77.62,6.82,0.39,1.64,1.34,
JA 118,loamy sand,8,7.85,64,454,270,2839,17,1.33,0.71,73,73,1.39,10,5.81,11.24,70.94,11.99,0.38,7.49,1.95,
JA 119,loamy sand,7.5,7.85,99,518,321,3107,37,1.47,1.04,83,83,1.57,10.96,6.05,12.19,70.81,10.93,0.36,38.56,2.62,
JA 120,loamy sand,8.1,7.85,57,558,321,3362,16,1.7,1.08,82,71,1.67,11.65,6.13,11.47,72.09,10.29,0.48,5.01,1.4,
EE 105,sandy clay loam,8.2,7.8,102,1074,1360,4409,15,3.16,5.16,426,87,4.56,19.66,7,28.81,56.04,8.13,1.31,2.48,1.56,
EE 106,sandy clay loam,8,7.75,80,1047,1367,4149,16,2.91,5.14,403,84,4.48,19.41,6.91,29.34,53.43,10.3,1.26,2.4,1.72,
EE 107,sandy clay loam,7.8,7.75,89,1205,1163,3813,17,2.51,4.39,401,84,4.37,17.92,8.61,27.03,53.18,11.15,1.29,2.98,1.63,
EE 108,sandy clay loam,7.5,7.8,119,1289,1199,4081,18,2.69,5.52,404,85,4.17,18.45,8.95,27.07,55.29,8.67,1.39,3.46,1.56,
KS 121,sandy clay loam,8.3,7.85,61,946,1457,3291,45,4.44,1.56,284,74,4.56,16.71,7.25,36.32,49.23,7.18,0.86,6.83,1.44,
KS 122,sandy clay loam,8.2,7.8,63,940,1417,3619,39,4.55,1.53,303,75,4.71,17.75,6.78,33.25,50.95,9.01,0.96,3.69,1.42,
KS 123,sandy clay loam,8.5,7.85,48,966,1528,3352,22,4.54,1.68,270,79,4.21,17.18,7.2,37.04,48.76,6.98,1.1,1.56,1.68,
KS 124,sandy clay loam,8.3,7.85,48,834,1854,3486,27,4.85,1.64,310,77,5.09,18.7,5.71,41.28,46.58,6.41,0.78,1.08,1.39,
KS 125,sandy loam,7.7,7.85,36,565,920,2405,14,2.53,1.03,171,69,3,11.77,6.15,32.56,51.08,10.19,0.65,7.74,2.05,
KS 126,sandy loam,7.4,7.8,39,673,1001,2757,18,2.39,1.09,203,72,3.24,13.52,6.37,30.83,50.95,11.82,0.75,15.55,1.64,
KS 127,sandy loam,7.8,7.85,47,637,805,2349,13,2.02,1.06,185,82,2.92,11.24,7.26,29.83,52.23,10.67,0.67,7.68,1.67,
KS 128,sandy loam,7.6,7.85,48,642,932,2425,13,2.47,1.51,195,79,3,11.96,6.87,32.44,50.65,10.02,0.59,4.18,1.52,
KS 129,sandy clay loam,7.3,7.75,15,807,709,4860,20,2,1.19,283,70,3.77,18.13,5.7,16.28,66.98,11.02,1.22,12.03,1.52,
KS 130,sandy clay loam,7.1,7.75,21,937,750,4363,22,1.99,1.4,286,86,3.72,17.23,6.97,18.13,63.29,11.6,1.18,8.98,2.06,
KS 131,sandy clay loam,7.4,7.7,22,791,670,4278,17,1.87,1.11,280,81,3.65,16.9,6,16.51,63.28,14.2,1.12,3.04,1.68,
KS 132,sandy clay loam,7.4,7.8,38,886,693,4592,22,1.92,1.59,297,86,3.89,17.1,6.64,16.88,67.12,9.35,1.18,11.64,1.74,
BS 97,sandy clay loam,8.2,7.8,20,1596,1402,5240,36,3.29,2.22,300,76,4.85,22.58,9.05,25.86,57.99,7.08,1.47,3.61,1.52,
BS 98,sandy clay loam,8.2,7.75,26,1426,1331,5766,35,3.85,2.52,318,74,5.63,23.78,7.68,23.31,60.59,8.4,1.38,3.87,1.68,
BS 99,sandy clay loam,8.4,7.75,20,1357,1260,5214,35,3.57,2.25,257,77,4.74,22.02,7.89,23.83,59.18,9.08,1.49,4.8,2,
BS 100,sandy clay loam,8.1,7.8,22,1232,1235,5191,61,3.38,2.74,240,70,4.54,21.3,7.41,24.15,60.91,7.51,1.49,11.47,1.45,
BS 101,clay loam,8.5,7.8,12,1182,1791,10234,43,5.09,2.6,224,77,5.93,36.16,4.19,20.63,70.74,4.42,1.75,10.96,1.49,
BS 102,clay loam,8.4,7.7,19,1420,1746,7020,48,4.82,2.7,256,81,5.99,29.04,6.26,25.04,60.42,8.26,1.68,25.64,1.69,
BS 103,clay loam,8.5,7.75,29,1164,1406,9730,42,3.89,10.59,270,60,5.3,33.67,4.43,17.39,72.23,5.93,1.55,7.57,1.61,
BS 104,clay loam,7.9,7.75,32,1329,1684,6335,49,4.51,4.86,287,74,5.8,26.55,6.41,26.42,59.63,7.53,1.74,51.94,1.45,
BH 37,sandy clay loam,8.7,7.85,125,1431,1039,7523,24,4.42,8.6,122,72,2.26,26.17,7.01,16.54,71.86,4.58,0.78,10.32,0.95,
BH 38,sandy clay loam,8.6,7.85,182,1355,917,9123,27,3.95,7.53,126,59,2.52,29.56,5.87,12.92,77.14,4.05,0.76,10.34,1.51,
BH 39,sandy clay loam,8.3,7.85,142,1515,1005,3657,24,4.05,9.49,153,78,2.87,16.47,11.79,25.42,55.5,7.28,0.87,20.9,1.21,
BH 41,sandy loam,8,7.9,244,1448,742,3342,31,4,11.71,153,96,2.24,14.1,13.16,21.92,59.24,5.67,0.9,13.94,1.13,
BH 42,sandy loam,8.2,7.85,247,1167,652,3149,21,2.67,13.64,197,113,2.77,13.28,11.26,20.44,59.25,9.03,0.82,7.25,1.47,
BH 43,sandy loam,8,7.9,308,1791,640,3174,36,3.76,15.41,190,103,2.51,13.69,16.76,19.46,57.92,5.84,0.84,20.4,0.82,
BH 45,sandy loam,8.7,7.9,200,1189,1172,2596,24,4.92,11.93,188,82,3.48,13.69,11.12,35.65,47.38,5.84,0.74,7.89,1.54,
BH 46,sandy loam,8,7.9,167,869,1176,2328,18,4.14,10.9,182,84,2.89,12.63,8.81,38.78,46.06,6.33,0.59,5.04,1.29,
BH 47,sandy loam,8.5,7.85,224,1148,1471,2700,34,6.66,12.53,205,79,3.3,15.55,9.46,39.41,43.4,7.71,0.78,18.16,1.26,
JA 109,sand,9,7.9,40,677,607,7937,17,2.28,14.03,73,58,2.17,24.03,3.61,10.52,82.54,3.32,0.43,5.09,0.83,
JA 110,sand,8.5,7.9,96,1062,783,5236,25,4.28,13.48,104,75,2.49,18.51,7.35,17.62,70.7,4.32,0.6,6.67,1.17,
JA 111,sand,8.8,7.9,81,1080,730,2149,16,2.65,6.61,101,87,2.38,10.59,13.06,28.69,50.68,7.54,0.53,5.4,1.85,
JA 113,loamy sand,8.1,7.9,39,1142,721,1863,13,2.87,3.34,109,76,2.04,9.92,14.75,30.26,46.92,8.05,0.39,2.61,1.37,
JA 114,loamy sand,8.6,7.85,70,1039,662,2310,15,2.49,2.68,110,77,1.96,11.06,12.03,24.92,52.18,10.84,0.47,2.77,1.25,
JA 115,loamy sand,8.4,7.85,42,1233,823,2904,14,3.48,3.26,130,74,2.46,13.46,11.73,25.45,53.89,8.9,0.57,3.74,1.41,
JA 117,loamy sand,9.1,7.9,41,385,217,8495,13,0.77,6.43,65,51,1.47,23.43,2.1,3.85,90.62,3.41,0.32,2.19,1.69,
JA 118,loamy sand,8.1,7.9,32,381,226,7751,14,0.69,0.59,75,52,1.6,21.6,2.26,4.35,89.67,3.7,0.35,1.85,1.74,
JA 119,loamy sand,8.3,7.85,44,452,253,5964,11,0.9,1.12,104,77,2.14,17.74,3.26,5.94,84.03,6.76,0.41,2.27,1.29,
